rater,order,sample,clarity,natural
R1,1,s064,5,3
R1,2,s113,5,4
R1,3,s011,5,4
R1,4,s046,5,5
R1,5,s125,4,4
R1,6,s005,4,4
R1,7,s087,5,4
R1,8,s115,5,4
R1,9,s118,5,4
R1,10,s112,5,5
R1,11,s120,4,3
R1,12,s055,5,4
R1,13,s081,4,3
R1,14,s031,4,3
R1,15,s092,3,3
R1,16,s021,4,4
R1,17,s020,3,3
R1,18,s061,4,4
R1,19,s067,5,5
R1,20,s066,5,4
R1,21,s088,4,3
R1,22,s085,4,3
R1,23,s109,5,4
R1,24,s101,5,4
R1,25,s048,5,5
R1,26,s063,5,5
R1,27,s075,5,4
R1,28,s003,5,4
R1,29,s076,5,5
R1,30,s123,5,5
R1,31,s002,5,5
R1,32,s042,5,5
R1,33,s010,5,5
R1,34,s016,5,5
R1,35,s097,5,5
R1,36,s098,5,5
R1,37,s001,5,4
R1,38,s119,5,5
R1,39,s110,5,4
R1,40,s038,4,3
R1,41,s100,5,5
R1,42,s111,5,4
R1,43,s013,5,5
R1,44,s105,5,4
R1,45,s091,5,5
R1,46,s030,5,5
R1,47,s017,5,5
R1,48,s117,5,4
R1,49,s103,5,5
R1,50,s086,5,5
R1,51,s060,4,3
R1,52,s084,4,3
R1,53,s034,4,4
R1,54,s073,4,3
R1,55,s065,4,3
R1,56,s071,4,4
R1,57,s024,4,3
R1,58,s044,5,5
R1,59,s122,5,5
R1,60,s062,5,4
R1,61,s069,4,4
R1,62,s059,4,3
R1,63,s077,4,3
R1,64,s114,4,3
R1,65,s056,4,3
R1,66,s090,4,3
R1,67,s054,4,3
R1,68,s096,3,3
R1,69,s094,5,5
R1,70,s089,4,4
R1,71,s049,4,3
R1,72,s079,4,3
R1,73,s107,4,3
R1,74,s074,4,4
R1,75,s083,4,3
R1,76,s014,4,3
R1,77,s032,4,3
R1,78,s058,4,4
R1,79,s068,4,2
R1,80,s093,4,2
R1,81,s022,4,2
R1,82,s053,5,4
R1,83,s108,4,3
R1,84,s023,5,4
R1,85,s027,5,4
R1,86,s043,5,5
R1,87,s121,5,3
R1,88,s025,5,4
R1,89,s099,5,4
R1,90,s102,4,2
R1,91,s028,4,2
R1,92,s095,4,2
R1,93,s116,5,4
R1,94,s033,4,3
R1,95,s008,4,4
R1,96,s045,5,4
R1,97,s015,4,3
R1,98,s051,3,2
R1,99,s124,3,2
R1,100,s004,3,2
R1,101,s104,4,3
R1,102,s070,2,1
R1,103,s006,5,4
R1,104,s036,5,4
R1,105,s078,4,3
R1,106,s019,5,4
R1,107,s018,4,2
R1,108,s050,5,4
R1,109,s047,4,3
R1,110,s007,3,2
R1,111,s106,3,2
R1,112,s029,3,2
R1,113,s082,4,3
R1,114,s039,3,2
R1,115,s026,3,3
R1,116,s041,4,3
R1,117,s057,3,2
R1,118,s040,3,2
R1,119,s052,4,4
R1,120,s035,4,3
R1,121,s012,3,2
R1,122,s080,5,4
R1,123,s037,5,4
R1,124,s072,4,3
R1,125,s009,5,4
